{
  "model_name": "Model_pinn_v1_1_0.001_42",
  "MAE": 0.10123305022716522,
  "MSE": 0.02499094046652317,
  "RMSE": 0.15808522701263428,
  "R2": 0.9337831735610962,
  "inference_time": 0.03301239013671875,
  "memory_usage_mb": 0.0,
  "evaluation_timestamp": "2025-03-02 19:06:57",
  "data_file": "data/training/burgers_shock_mu_01_pi.mat",
  "nu": 0.01
}