,MAE,MAE,MAE,MSE,MSE,MSE,inference_time,inference_time,memory_usage_mb
,max,mean,min,max,mean,min,mean,min,mean
physics_type,,,,,,,,,
burgers,0.6638835072517395,0.19897491508163512,0.013725307770073414,0.5849226117134094,0.15280957469076384,0.00021122227190062404,0.03410494327545166,0.030000686645507812,0.01171875
